file_name,numbees
0001.jpg,6
0002.jpg,11
0003.jpg,16
0004.jpg,18
0005.jpg,0
0006.jpg,17
0007.jpg,11
0008.jpg,14
0009.jpg,15
0010.jpg,17
0011.jpg,13
0012.jpg,15
0013.jpg,13
0014.jpg,16
0015.jpg,11
0016.jpg,10
0017.jpg,19
0018.jpg,9
0019.jpg,11
0020.jpg,20
0021.jpg,11
0022.jpg,14
0023.jpg,17
0024.jpg,15
0025.jpg,16
0026.jpg,15
0027.jpg,16
0028.jpg,7
0029.jpg,13
0030.jpg,22
0031.jpg,15
0032.jpg,14
0033.jpg,14
0034.jpg,16
0035.jpg,16
0036.jpg,20
0037.jpg,15
0038.jpg,15
0039.jpg,13
0040.jpg,9
0041.jpg,4
0042.jpg,11
0043.jpg,9
0044.jpg,14
0045.jpg,15
0046.jpg,10
0047.jpg,13
0048.jpg,12
0049.jpg,10
0050.jpg,12
0051.jpg,15
0052.jpg,14
0053.jpg,8
0054.jpg,13
0055.jpg,17
0056.jpg,16
0057.jpg,15
0058.jpg,10
0059.jpg,11
0060.jpg,13
0061.jpg,15
0062.jpg,13
0063.jpg,12
0064.jpg,15
0065.jpg,9
0066.jpg,12
0067.jpg,14
0068.jpg,12
0069.jpg,3
0070.jpg,8
0071.jpg,20
0072.jpg,11
0073.jpg,9
0074.jpg,17
0075.jpg,18
0076.jpg,17
0077.jpg,15
0078.jpg,16
0079.jpg,14
0080.jpg,8
0081.jpg,4
0082.jpg,16
0083.jpg,19
0084.jpg,15
0085.jpg,12
0086.jpg,12
0087.jpg,14
0088.jpg,12
0089.jpg,20
0090.jpg,14
0091.jpg,17
0092.jpg,13
0093.jpg,15
0094.jpg,13
0095.jpg,16
0096.jpg,12
0097.jpg,9
0098.jpg,8
0099.jpg,16
0100.jpg,11
0101.jpg,7
0102.jpg,14
0103.jpg,12
0104.jpg,11
0105.jpg,13
0106.jpg,9
0107.jpg,14
0108.jpg,13
0109.jpg,11
0110.jpg,9
0111.jpg,11
0112.jpg,9
0113.jpg,9
0114.jpg,15
0115.jpg,12
0116.jpg,13
0117.jpg,6
0118.jpg,5
0119.jpg,12
0120.jpg,10
0121.jpg,14
0122.jpg,17
0123.jpg,14
0124.jpg,13
0125.jpg,17
0126.jpg,12
0127.jpg,15
0128.jpg,9
0129.jpg,13
0130.jpg,7
0131.jpg,7
0132.jpg,12
0133.jpg,13
0134.jpg,12
0135.jpg,15
0136.jpg,18
0137.jpg,8
0138.jpg,13
0139.jpg,14
0140.jpg,16
0141.jpg,8
0142.jpg,14
0143.jpg,13
0144.jpg,11
0145.jpg,10
0146.jpg,17
0147.jpg,9
0148.jpg,20
0149.jpg,15
0150.jpg,10
0151.jpg,22
0152.jpg,19
0153.jpg,12
0154.jpg,14
0155.jpg,11
0156.jpg,11
0157.jpg,18
0158.jpg,15
0159.jpg,15
0160.jpg,13
0161.jpg,13
0162.jpg,16
0163.jpg,10
0164.jpg,9
0165.jpg,15
0166.jpg,13
0167.jpg,16
0168.jpg,12
0169.jpg,11
0170.jpg,14
0171.jpg,9
0172.jpg,12
0173.jpg,19
0174.jpg,4
0175.jpg,16
0176.jpg,14
0177.jpg,15
0178.jpg,12
0179.jpg,0
0180.jpg,12
0181.jpg,15
0182.jpg,18
0183.jpg,4
0184.jpg,13
0185.jpg,15
0186.jpg,6
0187.jpg,11
0188.jpg,13
0189.jpg,7
0190.jpg,9
0191.jpg,12
0192.jpg,9
0193.jpg,20
0194.jpg,12
0195.jpg,15
0196.jpg,13
0197.jpg,15
0198.jpg,10
0199.jpg,6
0200.jpg,12
0201.jpg,10
0202.jpg,15
0203.jpg,14
0204.jpg,15
0205.jpg,13
0206.jpg,5
0207.jpg,17
0208.jpg,14
0209.jpg,16
0210.jpg,4
0211.jpg,15
0212.jpg,8
0213.jpg,17
0214.jpg,17
0215.jpg,9
0216.jpg,20
0217.jpg,18
0218.jpg,19
0219.jpg,12
0220.jpg,8
0221.jpg,21
0222.jpg,5
0223.jpg,15
0224.jpg,9
0225.jpg,13
0226.jpg,12
0227.jpg,15
0228.jpg,15
0229.jpg,16
0230.jpg,3
0231.jpg,10
0232.jpg,8
0233.jpg,15
0234.jpg,11
0235.jpg,14
0236.jpg,19
0237.jpg,11
0238.jpg,17
0239.jpg,16
0240.jpg,20
0241.jpg,13
0242.jpg,11
0243.jpg,8
0244.jpg,16
0245.jpg,14
0246.jpg,20
0247.jpg,16
0248.jpg,22
0249.jpg,16
0250.jpg,8
0251.jpg,17
0252.jpg,16
0253.jpg,14
0254.jpg,13
0255.jpg,15
0256.jpg,11
0257.jpg,10
0258.jpg,9
0259.jpg,19
0260.jpg,14
0261.jpg,18
0262.jpg,0
0263.jpg,13
0264.jpg,12
0265.jpg,2
0266.jpg,17
0267.jpg,17
0268.jpg,14
0269.jpg,22
0270.jpg,16
0271.jpg,0
0272.jpg,12
0273.jpg,12
0274.jpg,18
0275.jpg,17
0276.jpg,16
0277.jpg,14
0278.jpg,22
0279.jpg,6
0280.jpg,15
0281.jpg,9
0282.jpg,16
0283.jpg,10
0284.jpg,22
0285.jpg,19
0286.jpg,13
0287.jpg,13
0288.jpg,13
0289.jpg,14
0290.jpg,8
0291.jpg,17
0292.jpg,14
0293.jpg,8
0294.jpg,18
0295.jpg,15
0296.jpg,20
0297.jpg,18
0298.jpg,15
0299.jpg,16
0300.jpg,12
0301.jpg,12
0302.jpg,7
0303.jpg,12
0304.jpg,20
0305.jpg,13
0306.jpg,18
0307.jpg,13
0308.jpg,12
0309.jpg,22
0310.jpg,13
0311.jpg,8
0312.jpg,14
0313.jpg,13
0314.jpg,11
0315.jpg,9
0316.jpg,3
0317.jpg,21
0318.jpg,15
0319.jpg,14
0320.jpg,14
0321.jpg,13
0322.jpg,17
0323.jpg,13
0324.jpg,18
0325.jpg,16
0326.jpg,13
0327.jpg,13
0328.jpg,12
0329.jpg,14
0330.jpg,11
0331.jpg,14
0332.jpg,13
0333.jpg,19
0334.jpg,20
0335.jpg,8
0336.jpg,15
0337.jpg,13
0338.jpg,2
0339.jpg,2
0340.jpg,18
0341.jpg,13
0342.jpg,20
0343.jpg,17
0344.jpg,5
0345.jpg,8
0346.jpg,18
0347.jpg,15
0348.jpg,14
0349.jpg,19
0350.jpg,19
0351.jpg,15
0352.jpg,17
0353.jpg,12
0354.jpg,8
0355.jpg,4
0356.jpg,7
0357.jpg,22
0358.jpg,18
0359.jpg,18
0360.jpg,15
0361.jpg,22
0362.jpg,10
0363.jpg,20
0364.jpg,16
0365.jpg,15
0366.jpg,4
0367.jpg,22
0368.jpg,15
0369.jpg,20
0370.jpg,12
0371.jpg,10
0372.jpg,14
0373.jpg,13
0374.jpg,16
0375.jpg,22
0376.jpg,11
0377.jpg,21
0378.jpg,12
0379.jpg,18
0380.jpg,19
0381.jpg,12
0382.jpg,20
0383.jpg,22
0384.jpg,14
0385.jpg,8
0386.jpg,14
0387.jpg,22
0388.jpg,20
0389.jpg,15
0390.jpg,22
0391.jpg,2
0392.jpg,13
0393.jpg,18
0394.jpg,12
0395.jpg,5
0396.jpg,15
0397.jpg,16
0398.jpg,8
0399.jpg,8
0400.jpg,17
0401.jpg,10
0402.jpg,8
0403.jpg,17
0404.jpg,10
0405.jpg,11
0406.jpg,14
0407.jpg,18
0408.jpg,8
0409.jpg,4
0410.jpg,8
0411.jpg,16
0412.jpg,16
0413.jpg,11
0414.jpg,20
0415.jpg,18
0416.jpg,16
0417.jpg,14
0418.jpg,12
0419.jpg,16
0420.jpg,17
0421.jpg,22
0422.jpg,14
0423.jpg,20
0424.jpg,14
0425.jpg,19
0426.jpg,8
0427.jpg,10
0428.jpg,17
0429.jpg,15
0430.jpg,5
0431.jpg,2
0432.jpg,15
0433.jpg,14
0434.jpg,12
0435.jpg,13
0436.jpg,5
0437.jpg,3
0438.jpg,20
0439.jpg,8
0440.jpg,14
0441.jpg,16
0442.jpg,13
0443.jpg,17
0444.jpg,18
0445.jpg,5
0446.jpg,16
0447.jpg,15
0448.jpg,15
0449.jpg,16
0450.jpg,3
0451.jpg,15
0452.jpg,17
0453.jpg,14
0454.jpg,15
0455.jpg,9
0456.jpg,20
0457.jpg,13
0458.jpg,17
0459.jpg,14
0460.jpg,10
0461.jpg,15
0462.jpg,5
0463.jpg,17
0464.jpg,15
0465.jpg,13
0466.jpg,12
0467.jpg,20
0468.jpg,19
0469.jpg,15
0470.jpg,9
0471.jpg,12
0472.jpg,17
0473.jpg,20
0474.jpg,18
0475.jpg,22
0476.jpg,17
0477.jpg,19
0478.jpg,16
0479.jpg,19
0480.jpg,22
0481.jpg,10
0482.jpg,11
0483.jpg,5
0484.jpg,16
0485.jpg,20
0486.jpg,10
0487.jpg,17
0488.jpg,21
0489.jpg,12
0490.jpg,15
0491.jpg,15